-- phpMyAdmin SQL Dump
-- version 5.2.1
-- https://www.phpmyadmin.net/
--
-- 主机： 127.0.0.1
-- 生成日期： 2024-12-22 16:03:12
-- 服务器版本： 10.4.32-MariaDB
-- PHP 版本： 8.2.12

SET SQL_MODE = "NO_AUTO_VALUE_ON_ZERO";
START TRANSACTION;
SET time_zone = "+00:00";


/*!40101 SET @OLD_CHARACTER_SET_CLIENT=@@CHARACTER_SET_CLIENT */;
/*!40101 SET @OLD_CHARACTER_SET_RESULTS=@@CHARACTER_SET_RESULTS */;
/*!40101 SET @OLD_COLLATION_CONNECTION=@@COLLATION_CONNECTION */;
/*!40101 SET NAMES utf8mb4 */;

--
-- 数据库： `webfinallab`
--

-- --------------------------------------------------------

--
-- 表的结构 `comment`
--

CREATE TABLE `comment` (
  `id` int(11) NOT NULL,
  `post_id` int(11) NOT NULL,
  `user_id` int(11) NOT NULL,
  `content` text NOT NULL,
  `created_at` timestamp NOT NULL DEFAULT current_timestamp()
) ENGINE=InnoDB DEFAULT CHARSET=utf8mb4 COLLATE=utf8mb4_general_ci;

--
-- 转存表中的数据 `comment`
--

INSERT INTO `comment` (`id`, `post_id`, `user_id`, `content`, `created_at`) VALUES
(1, 1, 15, 'DAHDKAHDJKADKLAJD', '2024-12-15 06:48:41'),
(2, 3, 15, '非常棒的帖子', '2024-12-22 14:44:27'),
(3, 3, 15, '讲的很有道理', '2024-12-22 14:44:41');

-- --------------------------------------------------------

--
-- 表的结构 `comment_like`
--

CREATE TABLE `comment_like` (
  `id` int(11) NOT NULL,
  `comment_id` int(11) NOT NULL,
  `user_id` int(11) NOT NULL,
  `created_at` timestamp NOT NULL DEFAULT current_timestamp()
) ENGINE=InnoDB DEFAULT CHARSET=utf8mb4 COLLATE=utf8mb4_general_ci;

--
-- 转存表中的数据 `comment_like`
--

INSERT INTO `comment_like` (`id`, `comment_id`, `user_id`, `created_at`) VALUES
(1, 3, 15, '2024-12-22 14:44:47');

-- --------------------------------------------------------

--
-- 表的结构 `employees`
--

CREATE TABLE `employees` (
  `id` int(11) NOT NULL,
  `name` varchar(100) NOT NULL,
  `tickname` varchar(50) NOT NULL,
  `pic_src` varchar(50) NOT NULL,
  `fron_src` varchar(50) NOT NULL,
  `phone` varchar(20) DEFAULT NULL,
  `address` varchar(255) DEFAULT NULL,
  `email` varchar(100) DEFAULT NULL,
  `bio` text DEFAULT NULL,
  `project1_name` varchar(100) DEFAULT NULL,
  `project1_github_link` varchar(255) DEFAULT NULL,
  `project2_name` varchar(100) DEFAULT NULL,
  `project2_github_link` varchar(255) DEFAULT NULL,
  `project3_name` varchar(100) DEFAULT NULL,
  `project3_github_link` varchar(255) DEFAULT NULL,
  `project4_name` varchar(100) DEFAULT NULL,
  `project4_github_link` varchar(255) DEFAULT NULL,
  `created_at` timestamp NOT NULL DEFAULT current_timestamp(),
  `updated_at` timestamp NOT NULL DEFAULT current_timestamp() ON UPDATE current_timestamp()
) ENGINE=InnoDB DEFAULT CHARSET=utf8mb4 COLLATE=utf8mb4_general_ci;

--
-- 转存表中的数据 `employees`
--

INSERT INTO `employees` (`id`, `name`, `tickname`, `pic_src`, `fron_src`, `phone`, `address`, `email`, `bio`, `project1_name`, `project1_github_link`, `project2_name`, `project2_github_link`, `project3_name`, `project3_github_link`, `project4_name`, `project4_github_link`, `created_at`, `updated_at`) VALUES
(0, '张明昆', '', '', '', NULL, NULL, NULL, NULL, NULL, NULL, NULL, NULL, NULL, NULL, NULL, NULL, '2024-12-15 12:42:39', '2024-12-15 12:43:45'),
(1, '闫恒瑞', 'demonwhite', 'static/picture/yhr.jpg', 'assets/img/photos/front.webp', '18835007797', '南开大学', 'NKUyhr@163.com', 'A normal student', 'NLP', 'github.com', 'WEB', 'github.com', 'ComputerGeoraph', 'github.com', 'ComputerNet', 'github.com', '2024-12-15 11:05:46', '2024-12-15 12:29:25'),
(2, '胡进喆', '', '', '', NULL, NULL, NULL, NULL, NULL, NULL, NULL, NULL, NULL, NULL, NULL, NULL, '2024-12-15 12:43:21', '2024-12-15 12:44:05'),
(3, '王博', '', '', '', NULL, NULL, NULL, NULL, NULL, NULL, NULL, NULL, NULL, NULL, NULL, NULL, '2024-12-15 12:44:21', '2024-12-15 12:44:21');

-- --------------------------------------------------------

--
-- 表的结构 `feedback`
--

CREATE TABLE `feedback` (
  `id` int(11) NOT NULL,
  `content` text NOT NULL COMMENT '留言内容',
  `author_name` varchar(50) NOT NULL COMMENT '留言人姓名',
  `rating` int(11) NOT NULL DEFAULT 5 COMMENT '评分',
  `created_at` int(11) NOT NULL COMMENT '创建时间'
) ENGINE=InnoDB DEFAULT CHARSET=utf8mb4 COLLATE=utf8mb4_general_ci COMMENT='留言板';

--
-- 转存表中的数据 `feedback`
--

INSERT INTO `feedback` (`id`, `content`, `author_name`, `rating`, `created_at`) VALUES
(1, '我喜欢你们的网站', 'demonwhite', 5, 1734371185),
(2, '我爱AI', 'kunkun', 5, 1734878399),
(3, '非常棒的网站', 'wb', 5, 1734878414),
(4, '希望你们的网站越来越好', 'annie', 5, 1734878439);

-- --------------------------------------------------------

--
-- 表的结构 `picture`
--

CREATE TABLE `picture` (
  `picture_name` varchar(20) NOT NULL,
  `picture_src` varchar(100) NOT NULL,
  `picture_ID` int(20) NOT NULL
) ENGINE=InnoDB DEFAULT CHARSET=utf8mb4 COLLATE=utf8mb4_general_ci;

-- --------------------------------------------------------

--
-- 表的结构 `post`
--

CREATE TABLE `post` (
  `id` int(11) NOT NULL,
  `name` varchar(100) NOT NULL,
  `content` varchar(10000) NOT NULL,
  `create_at` date NOT NULL,
  `author_id` int(11) NOT NULL
) ENGINE=InnoDB DEFAULT CHARSET=utf8mb4 COLLATE=utf8mb4_general_ci;

--
-- 转存表中的数据 `post`
--

INSERT INTO `post` (`id`, `name`, `content`, `create_at`, `author_id`) VALUES
(1, 'jdlaKJDLA', 'JDAKLJDKLAJD', '2024-12-15', 15),
(2, 'jdlaKJDLA', 'aaaaaaaaaaaaaa', '2024-12-22', 15),
(3, '人工智能时代程序员何去何从', '在科技日新月异的今天，人工智能（AI）的迅猛发展，尤其是AIGC（生成式人工智能内容创作）技术的崛起，如ChatGPT、Midjourney、Claude等，正以前所未有的速度改变着各行各业，包括软件开发领域。\r\n程序员，作为这一变革的直接参与者与见证者，面临着前所未有的机遇与挑战。\r\n如何在AI辅助编程成为常态的背景下，保持并提升自身的核心竞争力，成为每一位程序员必须深思的问题。\r\n一、AI辅助编程：双刃剑的效应\r\n提升效率，加速创新\r\nAI辅助编程工具，如自动补全、代码生成等功能，极大地提高了程序员的编码效率。这些工具能够基于海量代码库学习，预测并推荐最合适的代码片段，减少了重复劳动，让程序员有更多时间专注于逻辑设计、系统架构等高层次工作。此外，AI还能辅助进行代码审查、错误检测，进一步提升软件质量。\r\n潜在风险，不容忽视\r\n然而，过度依赖AI工具也带来了隐忧。一方面，长期依赖自动补全可能导致程序员对基础语法、算法原理的掌握变得生疏，编程基本功弱化；另一方面，AI生成的代码往往缺乏个性化和创新性，长期以往可能抑制程序员的创新思维和问题解决能力。因此，如何在享受AI带来的便利的同时，避免陷入“技能退化”的陷阱，是每位程序员需要警惕的问题。\r\n二、程序员应重点发展的核心能力\r\n1. 复杂系统设计能力\r\n在AI时代，软件系统的复杂度日益增加，对程序员的系统设计能力提出了更高要求。这包括理解业务需求、设计高效稳定的系统架构、优化系统性能等。程序员需要掌握先进的设计模式、架构原则，以及云计算、微服务、容器化等现代技术，以应对日益复杂的系统挑战。\r\n2. 跨学科知识整合能力\r\n随着AI技术的广泛应用，软件开发不再局限于传统的编程范畴，而是需要与其他领域知识深度融合，如机器学习、自然语言处理、数据科学等。程序员需要具备跨学科的知识整合能力，能够将不同领域的知识和技术有效融合，创造出具有创新性和实用性的解决方案。\r\n3. 与AI协作的能力\r\n在人机协作成为常态的未来，程序员需要学会与AI有效沟通与合作。这包括理解AI的工作原理、掌握AI工具的使用方法、评估AI生成代码的质量，并能在必要时对AI进行指导和调整。同时，程序员还需要具备数据分析和机器学习的基础知识，以便更好地利用AI技术提升工作效率和创新能力。\r\n4. 持续学习与自我迭代能力\r\n技术日新月异，程序员必须保持对新技术、新工具的敏锐感知和持续学习的热情。通过参加在线课程、阅读技术博客、参与开源项目等方式，不断提升自己的技术水平和视野。同时，也要学会自我反思和迭代，不断优化自己的工作流程和方法，以适应快速变化的技术环境。\r\n三、人机协作模式下的职业发展规划\r\n1. 平衡使用AI工具与个人技能提升\r\n程序员应明确AI工具是辅助而非替代的角色。在利用AI工具提高工作效率的同时，也要注重个人技能的提升。通过刻意练习、挑战自我等方式，不断巩固编程基础、提升创新能力。\r\n2. 选择适合自己的专业方向\r\n面对纷繁复杂的技术领域，程序员应根据自己的兴趣和优势选择适合自己的专业方向进行深入学习。无论是前端开发、后端服务、数据科学还是AI算法研究，都有其独特的魅力和挑战。选择适合自己的方向并深耕细作，将有助于形成独特的竞争优势。\r\n3. 保持开放心态与跨界合作\r\n在AI时代，跨界合作成为常态。程序员应保持开放心态，积极与其他领域专家交流合作，共同探索新技术、新应用。通过跨界合作，不仅可以拓宽视野、激发灵感，还能促进技术创新和产业升级。\r\n4. 关注行业趋势与市场需求\r\n程序员应密切关注行业趋势和市场需求的变化，及时调整自己的职业规划和发展方向。通过了解行业前沿动态、参与行业会议等方式，保持对市场的敏锐感知和判断力。同时，也要关注新兴技术的发展趋势，如区块链、元宇宙等，以便在未来竞争中占据先机。\r\n结语\r\n人工智能时代为程序员带来了前所未有的机遇与挑战。\r\n面对这一变革，程序员应积极拥抱AI技术，同时注重个人技能的提升和核心竞争力的重塑。通过发展复杂系统设计能力、跨学科知识整合能力、与AI协作的能力以及持续学习与自我迭代能力，程序员将能够在人机协作的新模式下保持竞争力并实现职业发展的新飞跃。在这个过程中，保持开放心态、跨界合作、关注行业趋势与市场需求同样重要。只有这样，程序员才能在AI时代乘风破浪、勇往直前。', '2024-12-22', 15),
(4, '大语言模型：开启智能交互新纪元的“语言艺术家”', '引言\r\n\r\n在当今这个人工智能飞速发展的时代，大语言模型（Large Language Models，简称LLMs）正以前所未有的速度重塑着我们的世界。它们宛如NLP（自然语言处理）领域的明星，凭借卓越的语言理解和生成能力，引领着智能交互的新纪元。从智能助手的精准对话到内容创作的灵感迸发，从知识问答的海量信息检索到代码生成的高效编程辅助，大语言模型正以一种全新的方式，改变着我们获取信息、沟通交流、学习工作乃至娱乐生活的方方面面。\r\n大语言模型的定义与核心能力\r\n定义\r\n\r\n大语言模型是一类基于深度学习技术，尤其是Transformer架构，训练而成的超大规模语言模型。它们通过在海量文本数据上进行自监督学习，掌握了丰富的语言知识和表达技巧。这些模型通常包含数十亿甚至数千亿个参数，能够捕捉到语言中的复杂模式、语义关系和上下文信息，从而实现对自然语言的精准理解和生成。\r\n核心能力\r\n\r\n    语言理解：大语言模型具备强大的语言理解能力，能够准确地理解文本的含义、情感倾向、主题思想等。无论是长篇累牍的文章还是简短的对话，它们都能快速捕捉到关键信息，并根据上下文进行深入分析。例如，在处理一篇复杂的学术论文时，大语言模型可以迅速识别出论文的研究方法、实验结果和结论等核心内容，为研究人员提供有价值的参考。\r\n    语言生成：除了理解语言，大语言模型还擅长创造语言。它们可以根据给定的提示或主题，生成流畅、连贯、富有逻辑性的文本。无论是撰写新闻报道、创作诗歌故事，还是生成技术文档，大语言模型都能游刃有余。其生成的文本不仅在语法上无懈可击，更在内容上具有创造性和多样性，为内容创作者提供了强大的灵感来源。\r\n    多语言处理：许多大语言模型还具备多语言处理的能力，能够理解和生成多种语言的文本。这使得它们在跨文化交流、语言翻译、多语言内容创作等领域大放异彩。例如，在国际会议的同声传译中，大语言模型可以实时将演讲者的发言翻译成多种语言，让来自不同国家的与会者都能轻松理解会议内容，打破语言障碍，促进全球合作与交流。\r\n    知识整合与推理：大语言模型在训练过程中积累了大量的知识，能够将不同领域的知识进行整合，并进行简单的推理。当面对复杂的问答或问题解决任务时，它们可以结合已有的知识库，提供准确的答案或解决方案。比如，在医学领域，大语言模型可以根据患者的症状、病史等信息，结合医学知识，辅助医生进行疾病诊断和治疗方案的制定。\r\n\r\n大语言模型的应用场景\r\n智能助手\r\n\r\n大语言模型是智能助手的核心技术之一。它们使得智能助手能够以更加自然、智能的方式与用户进行交流。无论是日常的天气查询、日程安排，还是专业的知识问答、数据分析，智能助手都能准确理解用户的需求，并提供恰当的回应。例如，苹果的Siri、亚马逊的Alexa、谷歌助手等，都集成了大语言模型，为用户提供了便捷、高效的服务。\r\n内容创作\r\n\r\n在内容创作领域，大语言模型为创作者提供了强大的支持。它们可以根据创作者的创意和需求，生成各种类型的文本内容，如新闻稿、广告文案、小说故事、诗歌等。这不仅大大提高了创作效率，还为创作者带来了新的灵感和创意。例如，一些新闻机构已经开始使用大语言模型来生成新闻报道，快速报道突发事件，满足人们对即时新闻的需求。\r\n教育与学习\r\n\r\n大语言模型在教育与学习领域也有着广泛的应用。它们可以为学生提供个性化的学习辅导，根据学生的学习进度和知识掌握情况，推荐合适的学习内容和练习题。同时，大语言模型还可以辅助教师进行教学设计、课程规划和教学评估等工作，提高教学质量。此外，对于语言学习者来说，大语言模型还可以提供语言翻译、语法纠错、口语练习等功能，帮助他们更好地学习和掌握一门新语言。\r\n企业服务\r\n\r\n在企业服务方面，大语言模型可以帮助企业提高工作效率和客户服务质量。它们可以用于构建智能客服系统，自动回复客户的咨询和投诉，解决客户的问题。此外，大语言模型还可以辅助企业进行市场分析、产品设计、品牌营销等工作，提供有价值的商业洞察和建议。例如，一些电商平台就利用大语言模型来分析用户评论和反馈，优化产品和服务，提升用户体验。\r\n科学研究\r\n\r\n大语言模型在科学研究领域也展现出了巨大的潜力。它们可以辅助研究人员进行文献检索、数据分析、实验设计等工作。例如，在生物医学研究中，大语言模型可以帮助研究人员从海量的文献中提取关键信息，发现潜在的药物靶点和治疗方法。此外，大语言模型还可以用于模拟复杂系统的行为，如气候模型、经济模型等，为科学研究提供新的思路和方法。\r\n大语言模型的挑战与未来展望\r\n挑战\r\n\r\n    数据偏见与公平性：大语言模型的训练依赖于大量的文本数据，而这些数据往往存在一定的偏见。例如，某些群体的观点和信息可能在数据中被过度代表或忽视，导致模型生成的内容也带有偏见。这需要我们在数据收集和处理过程中，更加注重数据的多样性和公平性，避免模型的偏见对社会产生不良影响。\r\n    隐私与安全：在使用大语言模型时，涉及到大量的用户数据和隐私信息。如何在保证模型性能的同时，保护用户的隐私和数据安全，是一个亟待解决的问题。需要制定严格的数据保护政策和技术措施，确保用户数据不被滥用或泄露。\r\n    可解释性与透明度：大语言模型的决策过程往往较为复杂和难以理解，这使得模型的可解释性和透明度成为一大挑战。在一些关键领域，如医疗、法律等，模型的决策需要具备高度的可解释性，以便用户和监管机构能够理解和信任模型的输出结果。\r\n    资源消耗与环境影响：训练和运行大语言模型需要大量的计算资源和能源消耗，这不仅增加了企业的运营成本，也对环境产生了一定的影响。如何在提高模型性能的同时，优化资源利用效率，减少环境影响，是未来需要关注的问题。\r\n\r\n未来展望\r\n\r\n    更精准的理解与生成：随着技术的不断进步，大语言模型将具备更精准的语言理解和生成能力。它们能够更好地理解人类语言的细微差别和复杂含义，生成更加准确、生动、富有创意的文本内容，满足人们多样化的需求。\r\n    多模态融合：未来的大语言模型将与视觉、听觉等多种模态进行深度融合，实现跨模态的理解和生成。这将使得模型能够处理更加丰富的信息，提供更加全面和立体的服务。例如，在虚拟现实和增强现实领域，大语言模型可以结合视觉和语言信息，为用户提供更加真实和沉浸式的体验。\r\n    个性化与定制化：大语言模型将更加注重个性化和定制化服务。它们可以根据每个用户的特点、偏好和需求，提供量身定制的内容和服务。这将使得用户体验更加贴心和舒适，满足人们对个性化服务的追求。\r\n    伦理与责任：随着大语言模型的广泛应用，其伦理和责任问题也将受到越来越多的关注。未来，我们需要建立更加完善的伦理规范和责任体系，确保大语言模型的发展和应用符合社会的伦理标准和价值观，促进其健康、可持续的发展。\r\n\r\n结语\r\n\r\n大语言模型作为当今AI时代的重要成果，正以其卓越的语言理解和生成能力，重塑着我们的世界。它们不仅开启了智能交互的新纪元，还为各行各业的发展带来了新的机遇和挑战。未来，随着技术的不断进步和应用的不断拓展，大语言模型将继续发挥着不可替代的作用，推动人类社会的智能化进程。同时，我们也需要关注其带来的问题和挑战，积极探索解决方案，确保大语言模型的发展能够造福人类社会，为人类创造更加美好的未来。', '2024-12-22', 15),
(5, '人工智能创造未来', '一、引言\r\n\r\n随着科技的飞速发展，人工智能技术正以前所未有的速度改变着我们的世界。从医疗领域的病例诊断到企业的智能决策，再到日常生活中的智能产品，人工智能的影响无处不在。本文将深入探讨人工智能技术的发展历程、现状、应用领域和前景，以及我们应该如何应对和面对这一强大的技术力量。\r\n\r\n二、人工智能技术的发展历程\r\n\r\n    萌芽阶段\r\n        在古代，人们就开始幻想能够创造出具有智能的机器。然而，真正意义上的人工智能研究始于 20 世纪 50 年代。\r\n        当时，计算机科学家们开始探索如何让计算机模拟人类的智能行为，如逻辑推理、问题求解等。\r\n    发展阶段\r\n        20 世纪 60 年代至 80 年代，人工智能技术取得了一些重要的进展。例如，专家系统的出现使得计算机能够模拟人类专家的知识和经验，进行决策和问题求解。\r\n        同时，机器学习算法也开始逐渐发展起来，为人工智能的进一步发展奠定了基础。\r\n    崛起阶段\r\n        进入 21 世纪，随着大数据、云计算和深度学习等技术的兴起，人工智能技术迎来了爆发式的发展。\r\n        深度学习算法在图像识别、语音识别和自然语言处理等领域取得了巨大的成功，使得人工智能技术的应用范围不断扩大。\r\n\r\n三、人工智能技术的现状\r\n\r\n    技术层面\r\n        机器学习：机器学习是人工智能的核心技术之一，它通过让计算机从数据中学习规律和模式，从而实现智能决策。目前，深度学习算法在机器学习领域占据主导地位，它通过构建多层神经网络，能够自动提取数据中的特征，从而实现高效的分类和预测。\r\n        自然语言处理：自然语言处理是让计算机理解和处理人类语言的技术。目前，自然语言处理技术已经取得了很大的进展，能够实现机器翻译、文本分类、情感分析和问答系统等功能。\r\n        计算机视觉：计算机视觉是让计算机理解和处理图像和视频的技术。目前，计算机视觉技术已经能够实现图像识别、目标检测、人脸识别和视频分析等功能。\r\n        智能机器人：智能机器人是具有感知、决策和执行能力的机器人。目前，智能机器人已经在工业制造、医疗卫生、家庭服务等领域得到了广泛的应用。\r\n\r\n    应用层面\r\n        医疗行业：人工智能在医疗行业的应用主要包括病例诊断、药物研发、医疗影像分析和健康管理等方面。例如，人工智能可以通过分析大量的医疗数据，帮助医生快速准确地诊断疾病；还可以通过模拟药物分子的结构和性质，加速药物研发的进程。\r\n        企业领域：人工智能技术可以通过数据分析、智能决策等手段，协助企业实现运营的智能化和效率的提升。例如，企业可以利用人工智能技术进行市场预测、客户关系管理和供应链优化等。\r\n        日常生活：智能语音助手、自动驾驶汽车、智能家居等产品已经成为人们生活中的必备物品。这些产品通过感知用户的需求和环境，为用户提供个性化的服务和体验。\r\n\r\n四、人工智能的应用领域\r\n（一）医疗行业\r\n\r\n    病例诊断\r\n        人工智能可以通过分析大量的医疗数据，包括病历、影像资料和实验室检查结果等，帮助医生快速准确地诊断疾病。\r\n        例如，通过深度学习算法对医学影像进行分析，检测出病变部位和疾病类型，提高诊断的准确性和效率。\r\n    药物研发\r\n        人工智能可以通过模拟药物分子的结构和性质，加速药物研发的进程。\r\n        利用机器学习算法预测药物分子的活性和毒性，筛选出有潜力的药物分子，降低研发成本和时间。\r\n    医疗影像分析\r\n        对 CT、MRI 等影像进行分析，检测出肿瘤、骨折等病变，为医生提供更准确的诊断依据。\r\n        自动识别影像中的异常区域，提高影像诊断的效率和准确性。\r\n    健康管理\r\n        分析个人的健康数据，包括生理指标、运动数据和饮食数据等，为个人提供个性化的健康管理建议。\r\n        例如，通过智能手环、智能手表等设备实时监测个人的健康数据，并提供健康预警和建议。\r\n\r\n（二）企业领域\r\n\r\n    数据分析\r\n        利用人工智能技术对企业的大量数据进行分析，挖掘出有价值的信息，为企业的决策提供支持。\r\n        例如，通过数据分析了解客户需求、市场趋势和竞争对手情况，制定更有效的营销策略和产品策略。\r\n    智能决策\r\n        人工智能可以通过机器学习算法和优化算法，为企业提供智能决策支持。\r\n        例如，在供应链管理中，通过优化算法确定最佳的库存水平和配送路线，降低成本和提高效率。\r\n    客户关系管理\r\n        利用人工智能技术对客户数据进行分析，了解客户需求和行为，为客户提供个性化的服务和体验。\r\n        例如，通过智能客服系统自动回答客户的问题，提高客户满意度和忠诚度。\r\n    风险管理\r\n        人工智能可以通过分析企业的财务数据和市场数据，识别潜在的风险因素，为企业提供风险管理建议。\r\n        例如，通过风险评估模型预测企业的信用风险和市场风险，制定相应的风险管理策略。\r\n\r\n（三）日常生活\r\n\r\n    智能语音助手\r\n        通过语音识别和自然语言处理技术，理解用户的指令和问题，并提供相应的回答和服务。\r\n        例如，智能语音助手可以帮助用户查询天气、播放音乐、设置闹钟等，提高生活的便利性。\r\n    自动驾驶汽车\r\n        利用计算机视觉、传感器融合和机器学习等技术，实现汽车的自动驾驶。\r\n        自动驾驶汽车可以提高交通安全性和效率，减少交通事故和交通拥堵。\r\n    智能家居\r\n        通过物联网技术和人工智能技术，实现家居设备的智能化控制。\r\n        例如，智能家居可以自动调节灯光、温度和湿度，提高生活的舒适度和便利性。\r\n    智能娱乐\r\n        人工智能可以为用户提供个性化的娱乐体验，例如推荐电影、音乐和游戏等。\r\n        利用虚拟现实和增强现实技术，为用户带来更加沉浸式的娱乐体验。\r\n\r\n五、人工智能的应用前景\r\n（一）应用场景和潜力\r\n\r\n    医疗行业\r\n        随着人工智能技术的不断发展，未来医疗行业将更加智能化和个性化。\r\n        人工智能可以通过对大量医疗数据的分析，实现疾病的早期诊断和预防，提高治疗效果和患者的生存率。\r\n        例如，通过基因检测和大数据分析，预测个体患某些疾病的风险，并提供个性化的预防和治疗方案。\r\n    企业领域\r\n        人工智能将成为企业提高竞争力的重要手段。\r\n        企业可以利用人工智能技术实现生产过程的自动化和智能化，提高生产效率和产品质量。\r\n        例如，通过智能机器人和自动化生产线，实现制造业的智能化升级。\r\n    日常生活\r\n        人工智能将进一步融入人们的日常生活，为人们提供更加便捷、舒适和安全的生活体验。\r\n        例如，智能家居将实现更加智能化的控制和管理，自动驾驶汽车将更加普及，智能语音助手将成为人们生活的重要伙伴。\r\n\r\n（二）可能带来的影响和贡献\r\n\r\n    提高生产效率和质量\r\n        人工智能可以通过自动化和智能化的生产方式，提高生产效率和产品质量。\r\n        例如，智能机器人和自动化生产线可以实现生产过程的无人化操作，减少人为因素的干扰，提高生产效率和产品质量。\r\n    改善生活质量\r\n        人工智能可以为人们提供更加便捷、舒适和安全的生活体验，改善人们的生活质量。\r\n        例如，智能家居可以自动调节灯光、温度和湿度，提高生活的舒适度；自动驾驶汽车可以提高交通安全性和效率，减少交通事故和交通拥堵。\r\n    推动科技创新\r\n        人工智能的发展将推动科技创新，为其他领域的发展提供新的思路和方法。\r\n        例如，深度学习算法和神经网络等技术的出现，为人工智能的发展提供了新的动力，也为其他领域的科技创新提供了借鉴和启示。\r\n    促进经济发展\r\n        人工智能的发展将创造新的产业和就业机会，促进经济发展。\r\n        例如，人工智能产业的发展将带动相关产业的发展，如芯片制造、软件开发、数据服务等，创造大量的就业机会。\r\n\r\n六、应对人工智能的发展\r\n（一）培养人才\r\n\r\n    加强高校人工智能专业建设\r\n        高校应加强人工智能专业的建设，培养更多的人工智能专业人才。\r\n        开设相关课程，如机器学习、自然语言处理、计算机视觉等，为学生提供系统的人工智能知识和技能培训。\r\n    企业培训和继续教育\r\n        企业应加强对员工的人工智能培训，提高员工的人工智能技术水平。\r\n        开展继续教育项目，为在职人员提供学习人工智能技术的机会，满足企业对人工智能人才的需求。\r\n\r\n（二）加强伦理建设\r\n\r\n    制定伦理道德准则\r\n        制定人工智能的伦理道德准则，明确人工智能的决策应该公正、透明和可解释。\r\n        确保人工智能的发展符合人类的价值观和道德规范，避免出现伦理道德问题。\r\n    加强监管和审查\r\n        加强对人工智能技术的监管和审查，确保人工智能的发展安全可靠。\r\n        建立相关的法律法规和政策，规范人工智能的发展，保护个人隐私和人权。\r\n\r\n（三）国际合作\r\n\r\n    加强国际交流与合作\r\n        各国应加强在人工智能技术研发、应用和监管等方面的交流与合作。\r\n        分享经验和技术，共同推动人工智能技术的发展，应对全球性的挑战。\r\n    制定国际标准和规范\r\n        共同制定人工智能的国际标准和规范，促进人工智能技术的健康发展。\r\n        确保人工智能的发展在全球范围内具有一致性和可比性，避免出现技术壁垒和贸易摩擦。\r\n\r\n（四）应对就业问题\r\n\r\n    加强职业教育和培训\r\n        加强职业教育和培训，提高劳动者的技能水平和就业能力。\r\n        开设与人工智能相关的职业课程，培养适应人工智能时代的新型劳动者。\r\n    发展新兴产业和服务业\r\n        发展新兴产业和服务业，创造更多的就业机会。\r\n        例如，人工智能产业的发展将带动相关产业的发展，如数据服务、软件开发、智能硬件制造等，创造大量的就业机会。\r\n\r\n七、结论\r\n\r\n人工智能技术的发展是不可阻挡的趋势，它将为我们的生活和工作带来巨大的变革。我们应该充分认识到人工智能技术的重要性和潜力，积极推动人工智能技术的发展和应用。同时，我们也应该关注人工智能技术可能带来的影响和风险，采取有效的措施加以应对和防范。只有这样，我们才能充分发挥人工智能技术的优势，实现人类社会的可持续发展。', '2024-12-22', 15);

-- --------------------------------------------------------

--
-- 表的结构 `post_like`
--

CREATE TABLE `post_like` (
  `id` int(11) NOT NULL,
  `post_id` int(11) NOT NULL,
  `user_id` int(11) NOT NULL,
  `created_at` timestamp NOT NULL DEFAULT current_timestamp()
) ENGINE=InnoDB DEFAULT CHARSET=utf8mb4 COLLATE=utf8mb4_general_ci;

--
-- 转存表中的数据 `post_like`
--

INSERT INTO `post_like` (`id`, `post_id`, `user_id`, `created_at`) VALUES
(1, 3, 15, '2024-12-22 14:44:17');

-- --------------------------------------------------------

--
-- 表的结构 `post_pic`
--

CREATE TABLE `post_pic` (
  `recordID` int(20) NOT NULL,
  `post_id` int(20) NOT NULL,
  `picture_id` int(20) NOT NULL
) ENGINE=InnoDB DEFAULT CHARSET=utf8mb4 COLLATE=utf8mb4_general_ci;

-- --------------------------------------------------------

--
-- 表的结构 `post_tag`
--

CREATE TABLE `post_tag` (
  `id` int(11) NOT NULL,
  `post_id` int(11) NOT NULL,
  `tag_id` int(11) NOT NULL
) ENGINE=InnoDB DEFAULT CHARSET=utf8mb4 COLLATE=utf8mb4_general_ci;

--
-- 转存表中的数据 `post_tag`
--

INSERT INTO `post_tag` (`id`, `post_id`, `tag_id`) VALUES
(1, 2, 1),
(2, 2, 2),
(3, 2, 3),
(4, 3, 4),
(5, 3, 5),
(6, 3, 6),
(7, 4, 7),
(8, 4, 4),
(9, 4, 6),
(10, 5, 4),
(11, 5, 8);

-- --------------------------------------------------------

--
-- 表的结构 `tags`
--

CREATE TABLE `tags` (
  `id` int(11) NOT NULL,
  `name` varchar(255) NOT NULL
) ENGINE=InnoDB DEFAULT CHARSET=utf8mb4 COLLATE=utf8mb4_general_ci;

--
-- 转存表中的数据 `tags`
--

INSERT INTO `tags` (`id`, `name`) VALUES
(1, 'AI'),
(3, 'Helloword'),
(2, 'Science'),
(4, '人工智能'),
(7, '大模型'),
(6, '学习'),
(8, '未来'),
(5, '自我成长');

-- --------------------------------------------------------

--
-- 表的结构 `user`
--

CREATE TABLE `user` (
  `id` int(11) NOT NULL,
  `username` varchar(255) NOT NULL,
  `password_hash` varchar(255) NOT NULL,
  `auth_key` varchar(255) NOT NULL,
  `email` varchar(255) NOT NULL,
  `status` tinyint(1) NOT NULL DEFAULT 10,
  `created_at` int(11) NOT NULL,
  `updated_at` int(11) NOT NULL,
  `role` int(3) NOT NULL DEFAULT 1
) ENGINE=InnoDB DEFAULT CHARSET=utf8mb4 COLLATE=utf8mb4_general_ci;

--
-- 转存表中的数据 `user`
--

INSERT INTO `user` (`id`, `username`, `password_hash`, `auth_key`, `email`, `status`, `created_at`, `updated_at`, `role`) VALUES
(15, 'adamin01', '$2y$13$nWKEUg8.b/QxRACAK7djLeHWCUVdyvA2imkG9w3mjbmBXrbbFSfHW', 'QqxlHLJAMsfw11AtcUrSG8aS7aKCwYE-', 'adamin01@gmail.com', 10, 1732622919, 1732622919, 0),
(16, 'coco', '$2y$13$lO8b873mpP2DFXCjl5zHwetKIeNVhpqkxXCcEj9wRzLlAjHcwE0GC', 'yD5phiQyYHqNhRlQHuZpy61tC3LIAvw7', 'coco@coco.com', 10, 1733311548, 1733311548, 1),
(17, 'Client01', '$2y$13$Uy9o3WCa07sP92TPzVXXIu9tXhdTChpPTV9amrPdYFF7zwv0v1iAe', 'yaPG-aBKuiCX9eMsVovtvwzN7BzNBSPW', 'Client01@gmail.com', 10, 1733331096, 1733331096, 1),
(19, 'zhangmingkun', '$2y$13$s6G3Mu8wA/QZ.2cgvwjAnurWbJOpoYlMxSBalBzKCw3XUNu3crpF6', 'KuULiz0GNV8U2VhZuGBshupc-mVRo9tP', 'yhr683bz@163.com', 10, 1733664113, 1733664113, 0),
(22, 'DemonWhite', '$2y$13$o/C/nUgN5uB1ONTJVbubk.rEjDPvLqS7IdzrsD.CmmtTV7PESZGzO', 'nNs4fK5_8SdHbUZLXzKFMrVfAUnYSdGG', 'NKUyhr@163.com', 10, 1733728690, 1733728690, 1);

--
-- 转储表的索引
--

--
-- 表的索引 `comment`
--
ALTER TABLE `comment`
  ADD PRIMARY KEY (`id`),
  ADD KEY `post_id` (`post_id`),
  ADD KEY `user_id` (`user_id`);

--
-- 表的索引 `comment_like`
--
ALTER TABLE `comment_like`
  ADD PRIMARY KEY (`id`),
  ADD UNIQUE KEY `unique_comment_like` (`comment_id`,`user_id`),
  ADD KEY `user_id` (`user_id`);

--
-- 表的索引 `employees`
--
ALTER TABLE `employees`
  ADD PRIMARY KEY (`id`),
  ADD UNIQUE KEY `email` (`email`);

--
-- 表的索引 `feedback`
--
ALTER TABLE `feedback`
  ADD PRIMARY KEY (`id`),
  ADD KEY `idx_created_at` (`created_at`);

--
-- 表的索引 `picture`
--
ALTER TABLE `picture`
  ADD PRIMARY KEY (`picture_ID`);

--
-- 表的索引 `post`
--
ALTER TABLE `post`
  ADD PRIMARY KEY (`id`);

--
-- 表的索引 `post_like`
--
ALTER TABLE `post_like`
  ADD PRIMARY KEY (`id`),
  ADD UNIQUE KEY `unique_post_like` (`post_id`,`user_id`),
  ADD KEY `user_id` (`user_id`);

--
-- 表的索引 `post_pic`
--
ALTER TABLE `post_pic`
  ADD PRIMARY KEY (`recordID`);

--
-- 表的索引 `post_tag`
--
ALTER TABLE `post_tag`
  ADD PRIMARY KEY (`id`),
  ADD KEY `post_id_index` (`post_id`),
  ADD KEY `tag_id_index` (`tag_id`);

--
-- 表的索引 `tags`
--
ALTER TABLE `tags`
  ADD PRIMARY KEY (`id`),
  ADD UNIQUE KEY `name` (`name`);

--
-- 表的索引 `user`
--
ALTER TABLE `user`
  ADD PRIMARY KEY (`id`),
  ADD UNIQUE KEY `username` (`username`),
  ADD UNIQUE KEY `email` (`email`);

--
-- 在导出的表使用AUTO_INCREMENT
--

--
-- 使用表AUTO_INCREMENT `comment`
--
ALTER TABLE `comment`
  MODIFY `id` int(11) NOT NULL AUTO_INCREMENT, AUTO_INCREMENT=4;

--
-- 使用表AUTO_INCREMENT `comment_like`
--
ALTER TABLE `comment_like`
  MODIFY `id` int(11) NOT NULL AUTO_INCREMENT, AUTO_INCREMENT=2;

--
-- 使用表AUTO_INCREMENT `employees`
--
ALTER TABLE `employees`
  MODIFY `id` int(11) NOT NULL AUTO_INCREMENT, AUTO_INCREMENT=4;

--
-- 使用表AUTO_INCREMENT `feedback`
--
ALTER TABLE `feedback`
  MODIFY `id` int(11) NOT NULL AUTO_INCREMENT, AUTO_INCREMENT=5;

--
-- 使用表AUTO_INCREMENT `post`
--
ALTER TABLE `post`
  MODIFY `id` int(11) NOT NULL AUTO_INCREMENT, AUTO_INCREMENT=6;

--
-- 使用表AUTO_INCREMENT `post_like`
--
ALTER TABLE `post_like`
  MODIFY `id` int(11) NOT NULL AUTO_INCREMENT, AUTO_INCREMENT=2;

--
-- 使用表AUTO_INCREMENT `post_tag`
--
ALTER TABLE `post_tag`
  MODIFY `id` int(11) NOT NULL AUTO_INCREMENT, AUTO_INCREMENT=12;

--
-- 使用表AUTO_INCREMENT `tags`
--
ALTER TABLE `tags`
  MODIFY `id` int(11) NOT NULL AUTO_INCREMENT, AUTO_INCREMENT=9;

--
-- 使用表AUTO_INCREMENT `user`
--
ALTER TABLE `user`
  MODIFY `id` int(11) NOT NULL AUTO_INCREMENT, AUTO_INCREMENT=23;

--
-- 限制导出的表
--

--
-- 限制表 `comment`
--
ALTER TABLE `comment`
  ADD CONSTRAINT `comment_ibfk_1` FOREIGN KEY (`post_id`) REFERENCES `post` (`id`) ON DELETE CASCADE,
  ADD CONSTRAINT `comment_ibfk_2` FOREIGN KEY (`user_id`) REFERENCES `user` (`id`) ON DELETE CASCADE;

--
-- 限制表 `comment_like`
--
ALTER TABLE `comment_like`
  ADD CONSTRAINT `comment_like_ibfk_1` FOREIGN KEY (`comment_id`) REFERENCES `comment` (`id`) ON DELETE CASCADE,
  ADD CONSTRAINT `comment_like_ibfk_2` FOREIGN KEY (`user_id`) REFERENCES `user` (`id`) ON DELETE CASCADE;

--
-- 限制表 `post_like`
--
ALTER TABLE `post_like`
  ADD CONSTRAINT `post_like_ibfk_1` FOREIGN KEY (`post_id`) REFERENCES `post` (`id`) ON DELETE CASCADE,
  ADD CONSTRAINT `post_like_ibfk_2` FOREIGN KEY (`user_id`) REFERENCES `user` (`id`) ON DELETE CASCADE;
COMMIT;

/*!40101 SET CHARACTER_SET_CLIENT=@OLD_CHARACTER_SET_CLIENT */;
/*!40101 SET CHARACTER_SET_RESULTS=@OLD_CHARACTER_SET_RESULTS */;
/*!40101 SET COLLATION_CONNECTION=@OLD_COLLATION_CONNECTION */;
